"Method","Batch_Silhouette"
"Uncorrected",0.866278952427519
"ComBat",-0.0118584847468952
"Harmony",0.866278952427517
"MNN",0.053298158013821
